{
    "Version": 0,
    "Meta": {
        "Duration": 1.71743643283844,
        "Fps": 60.0,
        "Loop": true,
        "AreBeziersRestricted": true,
        "CurveCount": 24,
        "TotalSegmentCount": 46,
        "TotalPointCount": 234,
        "UserDataCount": 0,
        "TotalUserDataSize": 0
    },
    "Curves": [
        {
            "Target": "Parameter",
            "Id": "ParamAngleX",
            "Segments": [
                0,
                -1.050431251525879,
                1,
                0.17226862907409669,
                -0.9985140562057495,
                0.34453722834587099,
                -1.0909554958343506,
                0.51680588722229,
                -1.151208519935608,
                1,
                0.5723756551742554,
                -1.1706557273864747,
                0.6279454827308655,
                -1.0288598537445069,
                0.683515191078186,
                -1.012682318687439,
                1,
                0.7335264086723328,
                -0.9981274008750916,
                0.7835375666618347,
                -1.1730451583862305,
                0.8335487246513367,
                -1.1833148002624512,
                1,
                0.9835957288742065,
                -1.2141311168670655,
                1.1336426734924317,
                -1.1233673095703126,
                1.2836897373199463,
                -1.0521488189697266,
                1,
                1.428272008895874,
                -0.9835318922996521,
                1.5728542804718018,
                -1.1557867527008057,
                1.71743643283844,
                -1.2178717851638795
            ]
        },
        {
            "Target": "Parameter",
            "Id": "ParamAngleY",
            "Segments": [
                0,
                -24.03582191467285,
                1,
                0.03889698535203934,
                -24.03196144104004,
                0.07779396325349808,
                -23.94731903076172,
                0.11669094860553742,
                -23.94212532043457,
                1,
                0.13334619998931886,
                -23.93988609313965,
                0.15000145137310029,
                -24.059371948242189,
                0.16665670275688172,
                -24.027751922607423,
                1,
                0.23885872960090638,
                -23.891998291015626,
                0.3110607862472534,
                -23.62100601196289,
                0.3832627832889557,
                -23.754589080810548,
                1,
                0.41642192006111147,
                -23.81662940979004,
                0.4495810270309448,
                -24.17689323425293,
                0.4827401340007782,
                -24.361520767211915,
                1,
                0.5049545168876648,
                -24.484508514404298,
                0.527168869972229,
                -24.402151107788087,
                0.5493832230567932,
                -24.487823486328126,
                1,
                0.5770331621170044,
                -24.59516716003418,
                0.6046831607818604,
                -24.89500617980957,
                0.6323330998420715,
                -24.946155548095704,
                1,
                0.6878731846809387,
                -25.0480899810791,
                0.7434132099151611,
                -24.87854766845703,
                0.7989532947540283,
                -24.769350051879884,
                1,
                0.8489584922790527,
                -24.671308517456056,
                0.8989636301994324,
                -24.699453353881837,
                0.9489688277244568,
                -24.695863723754884,
                1,
                1.0045369863510132,
                -24.69187355041504,
                1.0601050853729249,
                -24.704042434692384,
                1.115673303604126,
                -24.779680252075197,
                1,
                1.1378757953643799,
                -24.810029983520509,
                1.1600780487060547,
                -24.94440460205078,
                1.1822805404663087,
                -24.95366859436035,
                1,
                1.2489641904830933,
                -24.981380462646486,
                1.3156477212905884,
                -24.8067626953125,
                1.3823312520980836,
                -24.865068435668947,
                1,
                1.4267531633377076,
                -24.903902053833009,
                1.4711750745773316,
                -25.116641998291017,
                1.5155969858169556,
                -25.113309860229493,
                1,
                1.5828768014907838,
                -25.108274459838868,
                1.6501566171646119,
                -24.950040817260743,
                1.71743643283844,
                -24.94344711303711
            ]
        },
        {
            "Target": "Parameter",
            "Id": "Param20",
            "Segments": [
                0,
                0,
                1,
                0.5724788308143616,
                0,
                1.1449577808380128,
                0,
                1.71743643283844,
                0.0
            ]
        },
        {
            "Target": "Parameter",
            "Id": "Param49",
            "Segments": [
                0,
                0,
                1,
                0.5724788308143616,
                0,
                1.1449577808380128,
                0,
                1.71743643283844,
                0.0
            ]
        },
        {
            "Target": "Parameter",
            "Id": "Param12",
            "Segments": [
                0,
                0,
                1,
                0.5724788308143616,
                0,
                1.1449577808380128,
                0,
                1.71743643283844,
                0.0
            ]
        },
        {
            "Target": "Parameter",
            "Id": "Param44",
            "Segments": [
                0,
                0,
                1,
                0.5724788308143616,
                0,
                1.1449577808380128,
                0,
                1.71743643283844,
                0.0
            ]
        },
        {
            "Target": "Parameter",
            "Id": "Param43",
            "Segments": [
                0,
                0,
                1,
                0.13894854485988618,
                0,
                0.27789708971977236,
                -0.061892069876194,
                0.4168456196784973,
                0.0820687785744667,
                1,
                0.5057296752929688,
                0.17421594262123109,
                0.5946137309074402,
                0.4761312007904053,
                0.6834977865219116,
                0.5741356015205383,
                1,
                0.8002167344093323,
                0.7027227282524109,
                0.9169356226921082,
                0.5787055492401123,
                1.0336545705795289,
                0.5787055492401123,
                1,
                1.2615817785263062,
                0.5787055492401123,
                1.489509105682373,
                0.5787055492401123,
                1.71743643283844,
                0.5787055492401123
            ]
        },
        {
            "Target": "Parameter",
            "Id": "Param57",
            "Segments": [
                0,
                0,
                1,
                0.5724788308143616,
                0,
                1.1449577808380128,
                0,
                1.71743643283844,
                0.0
            ]
        },
        {
            "Target": "Parameter",
            "Id": "Param56",