{
    "Version": 0,
    "Meta": {
        "Duration": 2.2174105644226076,
        "Fps": 60.0,
        "Loop": true,
        "AreBeziersRestricted": true,
        "CurveCount": 32,
        "TotalSegmentCount": 65,
        "TotalPointCount": 323,
        "UserDataCount": 0,
        "TotalUserDataSize": 0
    },
    "Curves": [
        {
            "Target": "Parameter",
            "Id": "ParamAngleX",
            "Segments": [
                0,
                -0.49619245529174807,
                1,
                0.40005308389663699,
                -0.6342281699180603,
                0.8001061677932739,
                -0.8682650327682495,
                1.2001593112945557,
                -0.712641716003418,
                1,
                1.305713176727295,
                -0.6715825796127319,
                1.4112671613693238,
                -0.3857075273990631,
                1.516821026802063,
                -0.3582482635974884,
                1,
                1.5612047910690308,
                -0.3466537892818451,
                1.605588436126709,
                -0.6426311135292053,
                1.6499722003936768,
                -0.695190966129303,
                1,
                1.7277607917785645,
                -0.7871611714363098,
                1.8055493831634522,
                -0.5762255191802979,
                1.8833379745483399,
                -0.5384721755981445,
                1,
                1.9277889728546143,
                -0.5168794393539429,
                1.9722402095794678,
                -0.6354628801345825,
                2.016691207885742,
                -0.6642187237739563,
                1,
                2.0835976600646974,
                -0.7074849009513855,
                2.1505041122436525,
                -0.6310132741928101,
                2.2174105644226076,
                -0.5895847678184509
            ]
        },
        {
            "Target": "Parameter",
            "Id": "ParamAngleY",
            "Segments": [
                0,
                -34.46356964111328,
                1,
                0.06111549213528633,
                -34.52114486694336,
                0.12223099172115326,
                -34.63246536254883,
                0.1833464801311493,
                -34.60025405883789,
                1,
                0.2111130952835083,
                -34.58560562133789,
                0.2388797104358673,
                -34.418731689453128,
                0.2666463255882263,
                -34.44906997680664,
                1,
                0.29992979764938357,
                -34.4854621887207,
                0.3332132399082184,
                -34.66475296020508,
                0.3664966821670532,
                -34.723655700683597,
                1,
                0.39982953667640688,
                -34.78265380859375,
                0.4331623613834381,
                -34.56487274169922,
                0.46649521589279177,
                -34.6137580871582,
                1,
                0.5219966173171997,
                -34.6951904296875,
                0.5774980783462524,
                -35.0716667175293,
                0.6329994797706604,
                -35.084083557128909,
                1,
                0.6663095951080322,
                -35.09153366088867,
                0.6996197700500488,
                -34.86386489868164,
                0.7329298853874207,
                -34.84122085571289,
                1,
                0.7718219757080078,
                -34.81480407714844,
                0.810714066028595,
                -34.96355056762695,
                0.8496061563491821,
                -34.98000717163086,
                1,
                0.8773723244667053,
                -34.99177932739258,
                0.9051385521888733,
                -34.82648849487305,
                0.9329047203063965,
                -34.81850814819336,
                1,
                0.9606662392616272,
                -34.81069564819336,
                0.9884277582168579,
                -34.78759002685547,
                1.0161892175674439,
                -34.96824264526367,
                1,
                1.027205228805542,
                -35.17535400390625,
                1.0382211208343506,
                -35.12862777709961,
                1.0492370128631592,
                -35.21279525756836,
                1,
                1.1214786767959595,
                -35.406822204589847,
                1.1937202215194703,
                -35.08472442626953,
                1.265961766242981,
                -35.171451568603519,
                1,
                1.3159127235412598,
                -35.23137664794922,
                1.3658639192581177,
                -35.55776596069336,
                1.4158148765563965,
                -35.45774841308594,
                1,
                1.432371973991394,
                -35.42412567138672,
                1.4489288330078126,
                -35.21156692504883,
                1.4654858112335206,
                -35.138465881347659,
                1,
                1.487687110900879,
                -35.0421028137207,
                1.5098881721496583,
                -34.98176956176758,
                1.5320894718170167,
                -34.942344665527347,
                1,
                1.5709688663482667,
                -34.873069763183597,
                1.6098482608795167,
                -35.07164764404297,
                1.6487276554107667,
                -35.00761795043945,
                1,
                1.6652723550796509,
                -34.979896545410159,
                1.6818169355392457,
                -34.732295989990237,
                1.6983616352081299,
                -34.68442153930664,
                1,
                1.7594513893127442,
                -34.510379791259769,
                1.8205410242080689,
                -35.10948944091797,
                1.881630778312683,
                -34.85074996948242,
                1,
                1.8981289863586426,
                -34.77998352050781,
                1.9146273136138917,
                -34.52833938598633,
                1.931125521659851,
                -34.45058059692383,
                1,
                1.9643913507461548,
                -34.29563903808594,
                1.997657299041748,
                -34.31008529663086,
                2.0309231281280519,
                -34.22814178466797,
                1,
                2.0475456714630129,
                -34.187007904052737,
                2.0641682147979738,
                -34.019309997558597,
                2.0807907581329347,
                -34.03621292114258,
                1,
                2.126330852508545,
                -34.08180618286133,
                2.171870708465576,
                -34.51028823852539,
                2.2174105644226076,
                -34.732818603515628
            ]
        },
        {
            "Target": "Parameter",
            "Id": "ParamAngleZ",
            "Segments": [
                0,
                -3.6202094554901125,
                1,
                0.5335058569908142,
                -3.7089121341705324,
                1.0670117139816285,
                -3.8067238330841066,
                1.6005175113677979,
                -3.7639381885528566,
                1,
                1.806148648262024,
                -3.7474465370178224,
                2.011779546737671,
                -3.610752582550049,
                2.2174105644226076,
                -3.6758179664611818
            ]
        },
        {
            "Target": "Parameter",
            "Id": "Param46",